title,company_name,location,site,job_url,experience_range,key_skills,match_score,why_this_job_fits,missing_skills,resume_alignment_level,is_remote,work_from_home_type
ServiceNow Developer,Viraaj HR Solutions Private Limited,"Chennai, Tamil Nadu, India",linkedin,https://www.linkedin.com/jobs/view/4328167336,1+ years,"alert, api, fms, java, log, python, rest, servicenow",0,Exclusion signal detected: 'frontend',,Ignore,False,
"ServiceNow Agentic AI Developer – IRM, TPRM & BCM (1-3yrs, 3-5yrs) | Remote.",REDE Consulting | Specialized ServiceNow Solutions,"Pune, Maharashtra, India",linkedin,https://www.linkedin.com/jobs/view/4345261553,1-3 years,"alert, api, aws, azure, log, mft, python, rest, servicenow",0,Exclusion signal detected: 'ui',,Ignore,True,Hybrid
L1 IT Support Technician,GEEKS,,linkedin,https://www.linkedin.com/jobs/view/4328047020,1-2 years,"alert, incident, linux, log, monitor, monitoring, rest",50,"Matches primary skills: alert, incident, linux, log, monitor, monitoring; Matches secondary skills: rest; On‑call / shift work indicated; ServiceNow/ITIL/incident handling evidence; Role appears development‑heavy; down‑ranked; Experience range detected: 1-2 years","sftp, servicenow, itil",Good Match,False,Remote
ServiceNow Developer,Infosys,"Bengaluru East, Karnataka, India",linkedin,https://www.linkedin.com/jobs/view/4328181077,,"alert, api, java, log, python, servicenow, sla",0,Exclusion signal detected: 'frontend',,Ignore,False,
IT Support,Medpace,"Navi Mumbai, Maharashtra, India",linkedin,https://www.linkedin.com/jobs/view/4114908351,1+ years,"alert, aws, log, monitor, monitoring, rest",47,"Matches primary skills: alert, aws, log, monitor, monitoring; Matches secondary skills: rest; On‑call / shift work indicated; Cloud mentions: AWS; Role appears development‑heavy; down‑ranked; Experience range detected: 1+ years","linux, sftp, servicenow, itil",Good Match,False,
Senior Manager – IT Operations,Piramal Finance,"Mumbai, Maharashtra, India",linkedin,https://www.linkedin.com/jobs/view/4328002942,15+ years,"alert, aws, azure, incident, itil, linux, log, monitor, monitoring, servicenow, sla",78,"Matches primary skills: alert, aws, azure, incident, itil, linux, log, monitor, monitoring, servicenow, sla; Cloud mentions: Azure, AWS; ServiceNow/ITIL/incident handling evidence; Experience range detected: 15+ years",sftp,Strong Match,False,Hybrid
Product Manager 1 - noon Food,noon,"Gurugram, Haryana, India",linkedin,https://www.linkedin.com/jobs/view/4344341039,,"alert, java, log, python, rest",46,"Matches primary skills: alert, log, python; Matches secondary skills: java, rest","linux, sftp, servicenow, itil",Good Match,False,
Application Support Engineer (Senior),Infogain,"Mumbai, Maharashtra, India",linkedin,https://www.linkedin.com/jobs/view/4344139425,1-3 years,"alert, aws, azure, incident, linux, log, monitor, python, rest, sla",60,"Matches primary skills: alert, aws, azure, incident, linux, log, monitor, python, sla; Matches secondary skills: rest; On‑call / shift work indicated; Cloud mentions: Azure, AWS; ServiceNow/ITIL/incident handling evidence; Role appears development‑heavy; down‑ranked; Experience range detected: 1-3 years","sftp, servicenow, itil",Good Match,False,
IT Support - Middleware,BNP Paribas,"Chennai, Tamil Nadu, India",linkedin,https://www.linkedin.com/jobs/view/4339082025,5+ years,"alert, aws, bash, devops, incident, java, jenkins, linux, log, monitor, monitoring, python, rest",69,"Matches primary skills: alert, aws, bash, incident, jenkins, linux, log, monitor, monitoring, python; Matches secondary skills: devops, java, rest; On‑call / shift work indicated; Cloud mentions: AWS; ServiceNow/ITIL/incident handling evidence; CI/CD exposure (Jenkins/Bitbucket); Role appears development‑heavy; down‑ranked; Experience range detected: 5+ years","sftp, servicenow, itil",Good Match,False,Hybrid
IT Support Specialist,Stefanini North America and APAC,"Gurugram, Haryana, India",linkedin,https://www.linkedin.com/jobs/view/4344003974,1+ years,"alert, linux, log, monitor, monitoring, observability",40,"Matches primary skills: alert, linux, log, monitor, monitoring; Matches secondary skills: observability; Cloud mentions: GCP; Role appears development‑heavy; down‑ranked; Experience range detected: 1+ years","sftp, servicenow, itil",Stretch Role,False,
IT Support Engineer,Confluent,"Bengaluru, Karnataka, India",linkedin,https://www.linkedin.com/jobs/view/4343842182,2+ years,"alert, aws, fms, incident, log, monitor, monitoring",0,Exclusion signal detected: 'react',,Ignore,False,Remote
IT Support Specialist,Somewhere,,linkedin,https://www.linkedin.com/jobs/view/4328040262,2+ years,"alert, aws, azure, incident, linux, log",55,"Matches primary skills: alert, aws, azure, incident, linux, log; On‑call / shift work indicated; Cloud mentions: Azure, AWS, GCP; ServiceNow/ITIL/incident handling evidence; Role appears development‑heavy; down‑ranked; Experience range detected: 2+ years","sftp, servicenow, itil",Good Match,False,Remote
IT Support Specialist II,Harness,"Bengaluru, Karnataka, India",linkedin,https://www.linkedin.com/jobs/view/4311444271,5+ years,"alert, api, devops, incident, log, observability, rest, servicenow, sla",64,"Matches primary skills: alert, incident, log, servicenow, sla; Matches secondary skills: api, devops, observability, rest; On‑call / shift work indicated; ServiceNow/ITIL/incident handling evidence; CI/CD exposure (Jenkins/Bitbucket); Role appears development‑heavy; down‑ranked; Experience range detected: 5+ years","linux, sftp, itil",Good Match,False,
Technical Support Engineer,HDFC securities,"Mumbai, Maharashtra, India",linkedin,https://www.linkedin.com/jobs/view/4340932359,3-7 years,"alert, api, java, linux, log, python, rest, sla",52,"Matches primary skills: alert, linux, log, python, sla; Matches secondary skills: api, java, rest; On‑call / shift work indicated; Role appears development‑heavy; down‑ranked; Experience range detected: 3-7 years","sftp, servicenow, itil",Good Match,False,Hybrid
IT Support Engineer,ParentPay Group,"Pune, Maharashtra, India",linkedin,https://www.linkedin.com/jobs/view/4343656088,,"alert, azure, incident, itil, log, monitor, monitoring",73,"Matches primary skills: alert, azure, incident, itil, log, monitor, monitoring; Cloud mentions: Azure; ServiceNow/ITIL/incident handling evidence","linux, sftp, servicenow",Strong Match,False,Remote
ServiceNow Developer,Team Geek Solutions,"Bengaluru, Karnataka, India",linkedin,https://www.linkedin.com/jobs/view/4327762386,4+ years,"alert, api, java, log, python, rest, servicenow",0,Exclusion signal detected: 'frontend',,Ignore,False,
ServiceNow Business Analyst,GeekSoft Consulting,"Bengaluru, Karnataka, India",linkedin,https://www.linkedin.com/jobs/view/4327773285,,"alert, log, servicenow",51,"Matches primary skills: alert, log, servicenow; On‑call / shift work indicated; ServiceNow/ITIL/incident handling evidence","linux, sftp, itil",Good Match,False,Remote
3DX Application Support Engineer,L&T Technology Services,"Pune, Maharashtra, India",linkedin,https://www.linkedin.com/jobs/view/4327590167,4-8 years,"alert, api, incident, java, linux, log, log analysis, monitor, monitoring",85,"Matches primary skills: alert, incident, linux, log, log analysis, monitor, monitoring; Matches secondary skills: api, java; On‑call / shift work indicated; ServiceNow/ITIL/incident handling evidence; Experience range detected: 4-8 years","sftp, servicenow, itil",Strong Match,False,
Platform Support Engineer,Saviynt,"Bengaluru, Karnataka, India",linkedin,https://www.linkedin.com/jobs/view/4267070721,2-5 years,"alert, aws, azure, bash, grafana, incident, java, linux, log, monitor, monitoring, python, rest, sla",100,"Matches primary skills: alert, aws, azure, bash, incident, linux, log, monitor, monitoring, python, sla; Matches secondary skills: grafana, java, rest; On‑call / shift work indicated; Cloud mentions: Azure, AWS; ServiceNow/ITIL/incident handling evidence; Experience range detected: 2-5 years","sftp, servicenow, itil",Strong Match,False,
Optimum Info - L2 Application Support Engineer,Optimum Info,"Noida, Uttar Pradesh, India",linkedin,https://www.linkedin.com/jobs/view/4343370196,1-2 years,"alert, api, azure, ftp, incident, java, linux, log, mft, monitor, monitoring",100,"Matches primary skills: alert, azure, ftp, incident, linux, log, mft, monitor, monitoring; Matches secondary skills: api, java; Mentions MFT / file transfer tools; On‑call / shift work indicated; Cloud mentions: Azure, GCP; ServiceNow/ITIL/incident handling evidence; Experience range detected: 1-2 years","sftp, servicenow, itil",Strong Match,False,Remote
IT Support Analyst I,Calix,"Bengaluru, Karnataka, India",linkedin,https://www.linkedin.com/jobs/view/4343324080,2+ years,"alert, aws, azure, incident, linux, log",78,"Matches primary skills: alert, aws, azure, incident, linux, log; Cloud mentions: Azure, AWS; ServiceNow/ITIL/incident handling evidence; Experience range detected: 2+ years","sftp, servicenow, itil",Strong Match,False,
"Vice President, Production Services Application Support",BNY,"Chennai, Tamil Nadu, India",linkedin,https://www.linkedin.com/jobs/view/4343472864,,"alert, api, log, monitor, monitoring",53,"Matches primary skills: alert, log, monitor, monitoring; Matches secondary skills: api","linux, sftp, servicenow, itil",Good Match,False,
Technology - Senior Analyst-Application Development-Technical Support Engineering,EXL,"Noida, Uttar Pradesh, India",linkedin,https://www.linkedin.com/jobs/view/4343491341,,"alert, itil, java, log, python",38,"Matches primary skills: alert, itil, log, python; Matches secondary skills: java; On‑call / shift work indicated; ServiceNow/ITIL/incident handling evidence; Role appears development‑heavy; down‑ranked","linux, sftp, servicenow",Stretch Role,False,Remote
Head of IT Support Operations,V.Group,,linkedin,https://www.linkedin.com/jobs/view/4242592520,5+ years,"alert, api, incident, itil, log, monitor, rest, servicenow, sla",55,"Matches primary skills: alert, incident, itil, log, monitor, servicenow, sla; Matches secondary skills: api, rest; On‑call / shift work indicated; ServiceNow/ITIL/incident handling evidence; Role appears development‑heavy; down‑ranked; Experience range detected: 5+ years","linux, sftp",Good Match,False,
IT Support Engineer,ParentPay Group - India,"Pune, Maharashtra, India",linkedin,https://www.linkedin.com/jobs/view/4343791850,,"alert, azure, incident, itil, log, monitor, monitoring",73,"Matches primary skills: alert, azure, incident, itil, log, monitor, monitoring; Cloud mentions: Azure; ServiceNow/ITIL/incident handling evidence","linux, sftp, servicenow",Strong Match,False,Remote
"Technical Operations Engineer, Corporate Internet of Things",Google,"Hyderabad, Telangana, India",linkedin,https://www.linkedin.com/jobs/view/4310958251,2+ years,"alert, aws, incident, linux, log, monitor, monitoring, shell",48,"Matches primary skills: alert, aws, incident, linux, log, monitor, monitoring, shell; Cloud mentions: AWS, GCP; ServiceNow/ITIL/incident handling evidence; Role appears development‑heavy; down‑ranked; Experience range detected: 2+ years","sftp, servicenow, itil",Good Match,False,Remote
Senior Application Support Specialist,DHL,"Chennai, Tamil Nadu, India",linkedin,https://www.linkedin.com/jobs/view/4326717786,1+ years,"alert, api, aws, incident, itil, log, servicenow",0,Exclusion signal detected: 'frontend',,Ignore,False,Hybrid
IT Support Specialist,Veradigm®,"Pune, Maharashtra, India",linkedin,https://www.linkedin.com/jobs/view/4349730124,2-4 years,"alert, incident, itil, linux, log, monitor",45,"Matches primary skills: alert, incident, itil, linux, log, monitor; On‑call / shift work indicated; ServiceNow/ITIL/incident handling evidence; Role appears development‑heavy; down‑ranked; Experience range detected: 2-4 years","sftp, servicenow",Good Match,False,Hybrid
Program Manager - ServiceNow,Blue Yonder,"Bengaluru, Karnataka, India",linkedin,https://www.linkedin.com/jobs/view/4343086838,15+ years,"alert, itil, log, servicenow",0,Exclusion signal detected: 'ux',,Ignore,False,
Associate IT Support Specialist,Veradigm®,"Pune, Maharashtra, India",linkedin,https://www.linkedin.com/jobs/view/4349730125,1-3 years,"alert, ftp, incident, linux, log, monitor",45,"Matches primary skills: alert, ftp, incident, linux, log, monitor; On‑call / shift work indicated; ServiceNow/ITIL/incident handling evidence; Role appears development‑heavy; down‑ranked; Experience range detected: 1-3 years","sftp, servicenow, itil",Good Match,False,Hybrid
"Manger Specialist, ServiceNow Developer - ITSM",MSD,"Hyderabad, Telangana, India",linkedin,https://www.linkedin.com/jobs/view/4343177447,130+ years,"alert, fms, itil, java, log, python, servicenow, sla",0,Exclusion signal detected: 'frontend',,Ignore,False,Hybrid
IT Service Desk Engineer,Burns & McDonnell India,"Bengaluru, Karnataka, India",linkedin,https://www.linkedin.com/jobs/view/4253779696,3+ years,"alert, fms, incident, itil, linux, log, monitor, monitoring, servicenow, sla",85,"Matches primary skills: alert, fms, incident, itil, linux, log, monitor, monitoring, servicenow, sla; Mentions MFT / file transfer tools; On‑call / shift work indicated; ServiceNow/ITIL/incident handling evidence; Experience range detected: 3+ years",sftp,Strong Match,False,Remote
Associate Application Support Engineer,ACA Group,"Pune, Maharashtra, India",linkedin,https://www.linkedin.com/jobs/view/4309583700,,"alert, api, aws, incident, java, linux, log, monitor, monitoring, rest",95,"Matches primary skills: alert, aws, incident, linux, log, monitor, monitoring; Matches secondary skills: api, java, rest; On‑call / shift work indicated; Cloud mentions: AWS; ServiceNow/ITIL/incident handling evidence","sftp, servicenow, itil",Strong Match,False,
Assistant Manager - HR Transformation,KPMG India,"Gurugram, Haryana, India",linkedin,https://www.linkedin.com/jobs/view/4349533786,6+ years,"alert, api, aws, log, servicenow",73,"Matches primary skills: alert, aws, log, servicenow; Matches secondary skills: api; On‑call / shift work indicated; Cloud mentions: AWS; ServiceNow/ITIL/incident handling evidence; Experience range detected: 6+ years","linux, sftp, itil",Strong Match,False,
ServiceNow Specialist,Cybage Software,"Pune, Maharashtra, India",linkedin,https://www.linkedin.com/jobs/view/4342956993,1+ years,"alert, api, ftg, itil, java, log, python, rest, servicenow, sla",0,Exclusion signal detected: 'frontend',,Ignore,False,
Application Support - L1 Non SAP,Reliance Retail,"Navi Mumbai, Maharashtra, India",linkedin,https://www.linkedin.com/jobs/view/4274637908,2-5 years,"alert, as2, incident, log, monitor, monitoring, sla",68,"Matches primary skills: alert, as2, incident, log, monitor, monitoring, sla; ServiceNow/ITIL/incident handling evidence; Experience range detected: 2-5 years","linux, sftp, servicenow, itil",Good Match,False,
IT Support Engineer,DNV,"Pune, Maharashtra, India",linkedin,https://www.linkedin.com/jobs/view/4348845698,2+ years,"alert, aws, azure, incident, log, sla",85,"Matches primary skills: alert, aws, azure, incident, log, sla; On‑call / shift work indicated; Cloud mentions: Azure, AWS; ServiceNow/ITIL/incident handling evidence; Experience range detected: 2+ years","linux, sftp, servicenow, itil",Strong Match,False,Remote
IT Support Specialist,Primoris Systems LLC,"Hyderabad, Telangana, India",linkedin,https://www.linkedin.com/jobs/view/4261140334,,"alert, incident, log, servicenow",33,"Matches primary skills: alert, incident, log, servicenow; On‑call / shift work indicated; ServiceNow/ITIL/incident handling evidence; Role appears development‑heavy; down‑ranked","linux, sftp, itil",Stretch Role,False,
Senior Support Engineer,NARBA,"Ahmedabad, Gujarat, India",linkedin,https://www.linkedin.com/jobs/view/4326355287,5+ years,"alert, api, aws, azure, bash, devops, grafana, incident, itil, java, jenkins, linux, log, monitor, monitoring, python, rest, shell, sla",74,"Matches primary skills: alert, aws, azure, bash, incident, itil, jenkins, linux, log, monitor, monitoring, python, shell, sla; Matches secondary skills: api, devops, grafana, java, rest; On‑call / shift work indicated; Cloud mentions: Azure, AWS, GCP; ServiceNow/ITIL/incident handling evidence; CI/CD exposure (Jenkins/Bitbucket); Role appears development‑heavy; down‑ranked; Experience range detected: 5+ years","sftp, servicenow",Strong Match,False,Remote
IT Service Desk Engineer,Burns & McDonnell India,,linkedin,https://www.linkedin.com/jobs/view/4253778790,3+ years,"alert, incident, itil, linux, log, monitor, monitoring, servicenow, sla",75,"Matches primary skills: alert, incident, itil, linux, log, monitor, monitoring, servicenow, sla; On‑call / shift work indicated; ServiceNow/ITIL/incident handling evidence; Experience range detected: 3+ years",sftp,Strong Match,False,Remote
Application Development - Analyst,Deloitte,"Hyderabad, Telangana, India",linkedin,https://www.linkedin.com/jobs/view/4326027394,1-3 years,"alert, azure, java, log, python, servicenow",55,"Matches primary skills: alert, azure, log, python, servicenow; Matches secondary skills: java; On‑call / shift work indicated; Cloud mentions: Azure; ServiceNow/ITIL/incident handling evidence; Role appears development‑heavy; down‑ranked; Experience range detected: 1-3 years","linux, sftp, itil",Good Match,False,Remote
Senior Application Support Engineer,Syngene International Limited,"Bengaluru, Karnataka, India",linkedin,https://www.linkedin.com/jobs/view/4326086184,15+ years,"alert, api, incident, linux, log, servicenow, sla",50,"Matches primary skills: alert, incident, linux, log, servicenow, sla; Matches secondary skills: api; On‑call / shift work indicated; ServiceNow/ITIL/incident handling evidence; Role appears development‑heavy; down‑ranked; Experience range detected: 15+ years","sftp, itil",Good Match,False,Remote
IT Support Specialist,Mintz Group,,linkedin,https://www.linkedin.com/jobs/view/4340601088,30+ years,"alert, aws, azure, incident, itil, log, monitor, servicenow",48,"Matches primary skills: alert, aws, azure, incident, itil, log, monitor, servicenow; Cloud mentions: Azure, AWS; ServiceNow/ITIL/incident handling evidence; Role appears development‑heavy; down‑ranked; Experience range detected: 30+ years","linux, sftp",Good Match,False,
IT Support Professional,IBM,"Bengaluru East, Karnataka, India",linkedin,https://www.linkedin.com/jobs/view/4348624199,2+ years,"alert, linux, log",36,"Matches primary skills: alert, linux, log; Experience range detected: 2+ years","sftp, servicenow, itil",Stretch Role,False,Remote
L2 Production Support,Virtusa,"Chennai, Tamil Nadu, India",linkedin,https://www.linkedin.com/jobs/view/4348686418,5-7 years,"alert, incident, itil, java, linux, log, servicenow",73,"Matches primary skills: alert, incident, itil, linux, log, servicenow; Matches secondary skills: java; ServiceNow/ITIL/incident handling evidence; Experience range detected: 5-7 years",sftp,Strong Match,False,
IT Support Specialist,TaskUs,,linkedin,https://www.linkedin.com/jobs/view/4348519862,2-3 years,"alert, aws, incident, java, log",43,"Matches primary skills: alert, aws, incident, log; Matches secondary skills: java; On‑call / shift work indicated; Cloud mentions: AWS; ServiceNow/ITIL/incident handling evidence; Role appears development‑heavy; down‑ranked; Experience range detected: 2-3 years","linux, sftp, servicenow, itil",Stretch Role,False,
Application Support Engineer,QualityKiosk Technologies,"Chennai, Tamil Nadu, India",linkedin,https://www.linkedin.com/jobs/view/4348367434,1+ years,"alert, ftg, grafana, incident, itil, java, linux, log, mft, monitor, monitoring, observability, prometheus, servicenow",93,"Matches primary skills: alert, ftg, incident, itil, linux, log, mft, monitor, monitoring, servicenow; Matches secondary skills: grafana, java, observability, prometheus; Mentions MFT / file transfer tools; ServiceNow/ITIL/incident handling evidence; Experience range detected: 1+ years",sftp,Strong Match,False,Hybrid
IT Business Analysis Expert (Application Expert),CMA SHIPS,"Mumbai, Maharashtra, India",linkedin,https://www.linkedin.com/jobs/view/4342140014,3-5 years,"alert, api, incident, log, monitor, servicenow, sla",73,"Matches primary skills: alert, incident, log, monitor, servicenow, sla; Matches secondary skills: api; ServiceNow/ITIL/incident handling evidence; Experience range detected: 3-5 years","linux, sftp, itil",Strong Match,False,Remote
Senior Product Manager,Experian,"Hyderabad, Telangana, India",linkedin,https://www.linkedin.com/jobs/view/4335745871,7+ years,"alert, api, aws, azure, devops, incident, log, rest, servicenow",100,"Matches primary skills: alert, aws, azure, incident, log, servicenow; Matches secondary skills: api, devops, rest; On‑call / shift work indicated; Cloud mentions: Azure, AWS; ServiceNow/ITIL/incident handling evidence; Experience range detected: 7+ years","linux, sftp, itil",Strong Match,False,
Application Support Engineer – Ticket Management (0–6 Months Experience),Opkey,"Noida, Uttar Pradesh, India",linkedin,https://www.linkedin.com/jobs/view/4325542215,1+ years,"alert, api, devops, incident, itil, java, linux, log, monitor, monitoring, sla",95,"Matches primary skills: alert, incident, itil, linux, log, monitor, monitoring, sla; Matches secondary skills: api, devops, java; On‑call / shift work indicated; Cloud mentions: GCP; ServiceNow/ITIL/incident handling evidence; Experience range detected: 1+ years","sftp, servicenow",Strong Match,False,Remote
IT Support Specialist I (UK Shift),Coursera,,linkedin,https://www.linkedin.com/jobs/view/4322543023,2+ years,"alert, log, rest, servicenow, sla",38,"Matches primary skills: alert, log, servicenow, sla; Matches secondary skills: rest; On‑call / shift work indicated; ServiceNow/ITIL/incident handling evidence; Role appears development‑heavy; down‑ranked; Experience range detected: 2+ years","linux, sftp, itil",Stretch Role,False,
Application Support Engineer,Lepton Software,"Gurugram, Haryana, India",linkedin,https://www.linkedin.com/jobs/view/4341792172,2-4 years,"alert, api, incident, itil, java, linux, log, monitor, monitoring, sla",85,"Matches primary skills: alert, incident, itil, linux, log, monitor, monitoring, sla; Matches secondary skills: api, java; On‑call / shift work indicated; ServiceNow/ITIL/incident handling evidence; Experience range detected: 2-4 years","sftp, servicenow",Strong Match,False,
Application Support Manager,PwC,"Bengaluru, Karnataka, India",linkedin,https://www.linkedin.com/jobs/view/4325373603,7+ years,"alert, api, aws, azure, incident, itil, log, monitor, monitoring, sla",57,"Matches primary skills: alert, aws, azure, incident, itil, log, monitor, monitoring, sla; Matches secondary skills: api; Cloud mentions: Azure, AWS; ServiceNow/ITIL/incident handling evidence; CI/CD exposure (Jenkins/Bitbucket); Role appears development‑heavy; down‑ranked; Experience range detected: 7+ years","linux, sftp, servicenow",Good Match,False,
Application Support Engineer (Mumbai),Susquehanna International Group,,linkedin,https://www.linkedin.com/jobs/view/4132681279,5+ years,"alert, incident, java, linux, log, monitor, monitoring, python, shell, sla",73,"Matches primary skills: alert, incident, linux, log, monitor, monitoring, python, shell, sla; Matches secondary skills: java; ServiceNow/ITIL/incident handling evidence; Experience range detected: 5+ years","sftp, servicenow, itil",Strong Match,False,Hybrid
L1 Application Support Engineer / Admin – Github,Stratacent,"Pune, Maharashtra, India",linkedin,https://www.linkedin.com/jobs/view/4325453477,5+ years,"alert, api, aws, azure, bash, devops, incident, java, jenkins, linux, log, monitor, monitoring, python, servicenow, shell",100,"Matches primary skills: alert, aws, azure, bash, incident, jenkins, linux, log, monitor, monitoring, python, servicenow, shell; Matches secondary skills: api, devops, java; On‑call / shift work indicated; Cloud mentions: Azure, AWS, GCP; ServiceNow/ITIL/incident handling evidence; CI/CD exposure (Jenkins/Bitbucket); Experience range detected: 5+ years","sftp, itil",Strong Match,False,
Tech Process Analyst,Indsafri,,linkedin,https://www.linkedin.com/jobs/view/4348255265,1+ years,"alert, devops, log, monitor, monitoring",53,"Matches primary skills: alert, log, monitor, monitoring; Matches secondary skills: devops; Experience range detected: 1+ years","linux, sftp, servicenow, itil",Good Match,False,Hybrid
L2 Application Support,Persistent Systems,"Pune, Maharashtra, India",linkedin,https://www.linkedin.com/jobs/view/4347897091,5-9 years,"alert, as2, incident, itil, log, monitor, monitoring",75,"Matches primary skills: alert, as2, incident, itil, log, monitor, monitoring; On‑call / shift work indicated; ServiceNow/ITIL/incident handling evidence; Experience range detected: 5-9 years","linux, sftp, servicenow",Strong Match,False,Hybrid
Head of Digital Transformation & Application Support,WAISL Limited,"Delhi, India",linkedin,https://www.linkedin.com/jobs/view/4339430101,18+ years,"alert, log",24,"Matches primary skills: alert, log; Experience range detected: 18+ years","linux, sftp, servicenow, itil",Stretch Role,False,
Business Process Analyst,Alp Consulting Ltd.,"Bengaluru, Karnataka, India",linkedin,https://www.linkedin.com/jobs/view/4324838779,4-8 years,"alert, api, log, servicenow",49,"Matches primary skills: alert, log, servicenow; Matches secondary skills: api; ServiceNow/ITIL/incident handling evidence; Experience range detected: 4-8 years","linux, sftp, itil",Good Match,False,Remote
Application Support Engineer,NEC Software Solutions,,linkedin,https://www.linkedin.com/jobs/view/4324547178,30+ years,"alert, incident, java, linux, log, monitor, monitoring, sla",80,"Matches primary skills: alert, incident, linux, log, monitor, monitoring, sla; Matches secondary skills: java; On‑call / shift work indicated; ServiceNow/ITIL/incident handling evidence; Experience range detected: 30+ years","sftp, servicenow, itil",Strong Match,False,Hybrid
Director - Information Technology,Weekday AI (YC W21),"Pune, Maharashtra, India",linkedin,https://www.linkedin.com/jobs/view/4339243972,15+ years,"alert, log, monitor",6,"Matches primary skills: alert, log, monitor; Role appears development‑heavy; down‑ranked; Experience range detected: 15+ years","linux, sftp, servicenow, itil",Ignore,False,Hybrid
Application Support Engineer,NEC Software Solutions (India),"Mumbai, Maharashtra, India",linkedin,https://www.linkedin.com/jobs/view/4339383891,30+ years,"alert, ftg, ftp, incident, java, linux, log, monitor, monitoring, sla",90,"Matches primary skills: alert, ftg, ftp, incident, linux, log, monitor, monitoring, sla; Matches secondary skills: java; Mentions MFT / file transfer tools; On‑call / shift work indicated; ServiceNow/ITIL/incident handling evidence; Experience range detected: 30+ years","sftp, servicenow, itil",Strong Match,False,Hybrid
IT Support Specialist,KBD Talent Forge India Pvt Ltd,"Coimbatore, Tamil Nadu, India",linkedin,https://www.linkedin.com/jobs/view/4338776447,1-3 years,"alert, bash, log, python, shell",30,"Matches primary skills: alert, bash, log, python, shell; Role appears development‑heavy; down‑ranked; Experience range detected: 1-3 years","linux, sftp, servicenow, itil",Stretch Role,False,
EUC/IT-Support Engineer,apna,"Bengaluru, Karnataka, India",linkedin,https://www.linkedin.com/jobs/view/4323113027,3-4 years,"alert, api, linux, log, sla",53,"Matches primary skills: alert, linux, log, sla; Matches secondary skills: api; Experience range detected: 3-4 years","sftp, servicenow, itil",Good Match,False,Hybrid
Middle office Product Support Engineer,Atyeti Inc,"Bengaluru, Karnataka, India",linkedin,https://www.linkedin.com/jobs/view/4338752589,6+ years,"alert, java, log",29,"Matches primary skills: alert, log; Matches secondary skills: java; Experience range detected: 6+ years","linux, sftp, servicenow, itil",Stretch Role,False,Hybrid
IT Support Engineer,Sikich India,"Hyderabad, Telangana, India",linkedin,https://www.linkedin.com/jobs/view/4347491043,1+ years,"alert, api, azure, incident, log, monitor, monitoring, observability, sla",90,"Matches primary skills: alert, azure, incident, log, monitor, monitoring, sla; Matches secondary skills: api, observability; On‑call / shift work indicated; Cloud mentions: Azure; ServiceNow/ITIL/incident handling evidence; Experience range detected: 1+ years","linux, sftp, servicenow, itil",Strong Match,False,Remote
Business Development Executive,TECEZE,"Delhi, India",linkedin,https://www.linkedin.com/jobs/view/4324132469,1-3 years,"alert, api, itil, log",49,"Matches primary skills: alert, itil, log; Matches secondary skills: api; ServiceNow/ITIL/incident handling evidence; Experience range detected: 1-3 years","linux, sftp, servicenow",Good Match,False,
IT Support Engineer - Part time,PaperTrue,,linkedin,https://www.linkedin.com/jobs/view/4323459422,2-4 years,"alert, aws, devops, linux, log, monitor, observability",82,"Matches primary skills: alert, aws, linux, log, monitor; Matches secondary skills: devops, observability; On‑call / shift work indicated; Cloud mentions: AWS; Experience range detected: 2-4 years","sftp, servicenow, itil",Strong Match,False,Remote
Head of Technical Support,Ginesys,"Gurugram, Haryana, India",linkedin,https://www.linkedin.com/jobs/view/4336483385,12+ years,"alert, api, devops, incident, log, servicenow, sla",78,"Matches primary skills: alert, incident, log, servicenow, sla; Matches secondary skills: api, devops; ServiceNow/ITIL/incident handling evidence; Experience range detected: 12+ years","linux, sftp, itil",Strong Match,False,
Assistant Manager IT- Application support ( Mechanical),Syntegon,"Verna, India",linkedin,https://www.linkedin.com/jobs/view/4335312974,4-6 years,"alert, devops, log",29,"Matches primary skills: alert, log; Matches secondary skills: devops; Experience range detected: 4-6 years","linux, sftp, servicenow, itil",Stretch Role,False,
IT Support Engineer,Automios,"Chennai, Tamil Nadu, India",linkedin,https://www.linkedin.com/jobs/view/4322951946,4-7 years,"alert, linux, log, monitor",48,"Matches primary skills: alert, linux, log, monitor; Experience range detected: 4-7 years","sftp, servicenow, itil",Good Match,False,
HDFC Securities - IT Support Analyst - Trading Application,HDFC securities,,linkedin,https://www.linkedin.com/jobs/view/4335995947,8-12 years,"alert, devops, itil, linux, log, monitor, monitoring",73,"Matches primary skills: alert, itil, linux, log, monitor, monitoring; Matches secondary skills: devops; ServiceNow/ITIL/incident handling evidence; Experience range detected: 8-12 years","sftp, servicenow",Strong Match,False,
BMC Helix Support / Technical Support Analyst-Remote,Müller's Solutions,"Delhi, India",linkedin,https://www.linkedin.com/jobs/view/4333509502,2-4 years,"alert, api, devops, java, linux, log",62,"Matches primary skills: alert, linux, log; Matches secondary skills: api, devops, java; On‑call / shift work indicated; CI/CD exposure (Jenkins/Bitbucket); Experience range detected: 2-4 years","sftp, servicenow, itil",Good Match,True,Remote
IT Support Engineer,SaaS Labs,"Noida, Uttar Pradesh, India",linkedin,https://www.linkedin.com/jobs/view/4333156258,1+ years,"alert, api, aws, azure, bash, itil, linux, log, monitor, servicenow, shell, sla",83,"Matches primary skills: alert, aws, azure, bash, itil, linux, log, monitor, servicenow, shell, sla; Matches secondary skills: api; Cloud mentions: Azure, AWS, GCP; ServiceNow/ITIL/incident handling evidence; Experience range detected: 1+ years",sftp,Strong Match,False,Remote
Chief Technology Officer,"Computer Solutions East, Inc.","Bengaluru, Karnataka, India",linkedin,https://www.linkedin.com/jobs/view/4333122504,10+ years,"alert, api, itil, log, sla",31,"Matches primary skills: alert, itil, log, sla; Matches secondary skills: api; ServiceNow/ITIL/incident handling evidence; Role appears development‑heavy; down‑ranked; Experience range detected: 10+ years","linux, sftp, servicenow",Stretch Role,False,Hybrid
Desktop Support Engineer,Logic Systech Pvt Ltd,,linkedin,https://www.linkedin.com/jobs/view/4333156269,2+ years,"alert, linux, log, rest",48,"Matches primary skills: alert, linux, log; Matches secondary skills: rest; On‑call / shift work indicated; Experience range detected: 2+ years","sftp, servicenow, itil",Good Match,False,Hybrid
System Administrator - IT Support,Blue Matter,,linkedin,https://www.linkedin.com/jobs/view/4332831528,3-6 years,"alert, api, aws, azure, bash, incident, itil, linux, log, shell",83,"Matches primary skills: alert, aws, azure, bash, incident, itil, linux, log, shell; Matches secondary skills: api; Cloud mentions: Azure, AWS; ServiceNow/ITIL/incident handling evidence; Experience range detected: 3-6 years","sftp, servicenow",Strong Match,False,
IT Support Engineer,EyeROV (IROV TECHNOLOGIES PRIVATE LIMITED),"Kochi, Kerala, India",linkedin,https://www.linkedin.com/jobs/view/4317420288,2-5 years,"alert, aws, azure, linux, log, monitor",70,"Matches primary skills: alert, aws, azure, linux, log, monitor; Cloud mentions: Azure, AWS; Experience range detected: 2-5 years","sftp, servicenow, itil",Strong Match,False,
Assistant Vice President - Application,HDB Financial Services Ltd.,"Mumbai, Maharashtra, India",linkedin,https://www.linkedin.com/jobs/view/4316823262,1+ years,"alert, incident, log",14,"Matches primary skills: alert, incident, log; ServiceNow/ITIL/incident handling evidence; Role appears development‑heavy; down‑ranked; Experience range detected: 1+ years","linux, sftp, servicenow, itil",Ignore,False,
Application Support Engineer,Sampoorna Consultants,"Pune, Maharashtra, India",linkedin,https://www.linkedin.com/jobs/view/4314869661,1+ years,"alert, api, incident, java, linux, log, monitor, monitoring, sla",85,"Matches primary skills: alert, incident, linux, log, monitor, monitoring, sla; Matches secondary skills: api, java; On‑call / shift work indicated; ServiceNow/ITIL/incident handling evidence; Experience range detected: 1+ years","sftp, servicenow, itil",Strong Match,False,Remote
Servicenow ITAM(HAM Analyst),NuStar Technologies,"Chennai, Tamil Nadu, India",linkedin,https://www.linkedin.com/jobs/view/4312593724,,"alert, java, linux, log, servicenow",61,"Matches primary skills: alert, linux, log, servicenow; Matches secondary skills: java; ServiceNow/ITIL/incident handling evidence","sftp, itil",Good Match,False,Remote
Senior System Engineer - Administration &amp; Maintenance,Vrinsoft Technology Pvt. Ltd.,"Ahmedabad, Gujarat, India",linkedin,https://www.linkedin.com/jobs/view/4310635135,1+ years,"alert, linux, log, monitor, monitoring",30,"Matches primary skills: alert, linux, log, monitor, monitoring; Role appears development‑heavy; down‑ranked; Experience range detected: 1+ years","sftp, servicenow, itil",Stretch Role,False,Remote
Application Support Engineer,SemperFI Solutions,"Bengaluru, Karnataka, India",linkedin,https://www.linkedin.com/jobs/view/4306112549,,"alert, aws, azure, incident, java, linux, log, monitor, monitoring, python, rest, shell",95,"Matches primary skills: alert, aws, azure, incident, linux, log, monitor, monitoring, python, shell; Matches secondary skills: java, rest; On‑call / shift work indicated; Cloud mentions: Azure, AWS, GCP; ServiceNow/ITIL/incident handling evidence","sftp, servicenow, itil",Strong Match,False,
Production/Application Support Specialist,Firebucks,"Bengaluru, Karnataka, India",linkedin,https://www.linkedin.com/jobs/view/4306116464,,"alert, api, aws, devops, incident, java, jenkins, linux, log, python, sla",99,"Matches primary skills: alert, aws, incident, jenkins, linux, log, python, sla; Matches secondary skills: api, devops, java; On‑call / shift work indicated; Cloud mentions: AWS; ServiceNow/ITIL/incident handling evidence; CI/CD exposure (Jenkins/Bitbucket)","sftp, servicenow, itil",Strong Match,False,
Desktop Support Engineer - IT Support Engineers,INSTRUMENTATION AND CONTROL SOLUTIONS,"Bangalore Rural, Karnataka, India",linkedin,https://www.linkedin.com/jobs/view/4305222133,2-8 years,"alert, linux, log, rest",41,"Matches primary skills: alert, linux, log; Matches secondary skills: rest; Experience range detected: 2-8 years","sftp, servicenow, itil",Stretch Role,False,
IT Support (L2),SFJ Business Solutions Pvt. Ltd.,"Bengaluru, Karnataka, India",linkedin,https://www.linkedin.com/jobs/view/4293608463,5-7 years,"alert, log, sla",6,"Matches primary skills: alert, log, sla; Role appears development‑heavy; down‑ranked; Experience range detected: 5-7 years","linux, sftp, servicenow, itil",Ignore,False,Remote
Application Support Specialist,Talent Worx,"Bengaluru, Karnataka, India",linkedin,https://www.linkedin.com/jobs/view/4283461573,3+ years,"alert, as2, incident, itil, log, monitor, monitoring",68,"Matches primary skills: alert, as2, incident, itil, log, monitor, monitoring; ServiceNow/ITIL/incident handling evidence; Experience range detected: 3+ years","linux, sftp, servicenow",Good Match,False,
ServiceNow Tester,"RecruitTalent, LLC.","Bangalore Urban, Karnataka, India",linkedin,https://www.linkedin.com/jobs/view/4280146748,4+ years,"alert, api, incident, itil, java, log, python, servicenow",0,Exclusion signal detected: 'frontend',,Ignore,False,
ServiceNow Developer,Adroit Innovative Solutions Inc,,linkedin,https://www.linkedin.com/jobs/view/4277622558,0-2 years,"alert, api, as2, java, log, python, rest, servicenow",0,Exclusion signal detected: 'frontend',,Ignore,False,Remote
IT Support representative,Talent Worx,"Pune, Maharashtra, India",linkedin,https://www.linkedin.com/jobs/view/4281769553,5+ years,"alert, log, monitor, sla",25,"Matches primary skills: alert, log, monitor, sla; On‑call / shift work indicated; Role appears development‑heavy; down‑ranked; Experience range detected: 5+ years","linux, sftp, servicenow, itil",Stretch Role,False,Remote
Team Leader - Software,SLK,"Bengaluru, Karnataka, India",linkedin,https://www.linkedin.com/jobs/view/4251410334,5+ years,"alert, incident, itil, java, log, monitor, monitoring, python, servicenow, shell",0,Exclusion signal detected: 'frontend',,Ignore,False,
ServiceNow ITSM,ADR Group International,"Bengaluru, Karnataka, India",linkedin,https://www.linkedin.com/jobs/view/4237482417,5+ years,"alert, devops, ftp, incident, itil, java, log, servicenow, shell",78,"Matches primary skills: alert, ftp, incident, itil, log, servicenow, shell; Matches secondary skills: devops, java; ServiceNow/ITIL/incident handling evidence; Experience range detected: 5+ years","linux, sftp",Strong Match,False,
Application Support Engineer I,Outseer,"Bengaluru, Karnataka, India",linkedin,https://www.linkedin.com/jobs/view/4228818282,4+ years,"alert, api, aws, incident, java, linux, log, monitor, monitoring, rest",0,Exclusion signal detected: 'react',,Ignore,False,Remote
IT EXECUTIVE,Yash Group of Industries,"Wai, Maharashtra, India",linkedin,https://www.linkedin.com/jobs/view/4200653018,0-3 years,"alert, linux, log, monitor, rest",53,"Matches primary skills: alert, linux, log, monitor; Matches secondary skills: rest; Experience range detected: 0-3 years","sftp, servicenow, itil",Good Match,False,Remote
IT Support,InOpTra Digital,"Bengaluru, Karnataka, India",linkedin,https://www.linkedin.com/jobs/view/4200320179,3-6 years,"alert, linux, log, monitor, sla",30,"Matches primary skills: alert, linux, log, monitor, sla; Role appears development‑heavy; down‑ranked; Experience range detected: 3-6 years","sftp, servicenow, itil",Stretch Role,False,Remote
IT – Support Engineer,Consolidated,"Karnataka, India",linkedin,https://www.linkedin.com/jobs/view/4201043477,3-4 years,"alert, aws, linux, log, servicenow",73,"Matches primary skills: alert, aws, linux, log, servicenow; Cloud mentions: AWS; ServiceNow/ITIL/incident handling evidence; Experience range detected: 3-4 years","sftp, itil",Strong Match,False,Remote
IT Support Executive,Identixweb Limited,"Surat, Gujarat, India",linkedin,https://www.linkedin.com/jobs/view/4198783258,1+ years,"alert, java, linux, log, monitor, monitoring",72,"Matches primary skills: alert, linux, log, monitor, monitoring; Matches secondary skills: java; On‑call / shift work indicated; Experience range detected: 1+ years","sftp, servicenow, itil",Strong Match,False,Remote
Application Support Engineer,Yappes,"Bengaluru, Karnataka, India",linkedin,https://www.linkedin.com/jobs/view/4161611228,3+ years,"alert, api, aws, azure, bash, devops, grafana, incident, itil, java, jenkins, linux, log, log analysis, monitor, monitoring, observability, prometheus, python, rest, servicenow, sla",100,"Matches primary skills: alert, aws, azure, bash, incident, itil, jenkins, linux, log, log analysis, monitor, monitoring, python, servicenow, sla; Matches secondary skills: api, devops, grafana, java, observability, prometheus, rest; On‑call / shift work indicated; Cloud mentions: Azure, AWS, GCP; ServiceNow/ITIL/incident handling evidence; CI/CD exposure (Jenkins/Bitbucket); Experience range detected: 3+ years",sftp,Strong Match,False,
Lead - IT Operations,System Soft Technologies,"Hyderabad, Telangana, India",linkedin,https://www.linkedin.com/jobs/view/4153882792,24+ years,"alert, incident, itil, log, monitor, monitoring, servicenow, sla",68,"Matches primary skills: alert, incident, itil, log, monitor, monitoring, servicenow, sla; ServiceNow/ITIL/incident handling evidence; Experience range detected: 24+ years","linux, sftp",Good Match,False,
Application Support,ZakApps,"Chennai, Tamil Nadu, India",linkedin,https://www.linkedin.com/jobs/view/4074127362,1+ years,"alert, as2, aws, incident, log, monitor, monitoring, servicenow",80,"Matches primary skills: alert, as2, aws, incident, log, monitor, monitoring, servicenow; On‑call / shift work indicated; Cloud mentions: AWS; ServiceNow/ITIL/incident handling evidence; Experience range detected: 1+ years","linux, sftp, itil",Strong Match,False,
Vision Plus Support Engineer Mumbai For Core Banking domain,Clover Infotech,"Mumbai Suburbs, India",naukri,https://www.naukri.com/job-listings-vision-plus-support-engineer-mumbai-for-core-banking-domain-clover-infotech-mumbai-suburban-2-to-5-years-201225016961,,,6,Role appears support/production oriented,"linux, sftp, servicenow, itil",Ignore,False,Work from office
"Looking For Application Monitoring Engg-Grafana/Dynatrace,Servicenow",Clover Infotech,"Navi Mumbai, India",naukri,https://www.naukri.com/job-listings-looking-for-application-monitoring-engg-grafana-dynatrace-servicenow-clover-infotech-navi-mumbai-1-to-3-years-201225016888,,,6,Role appears support/production oriented,"linux, sftp, servicenow, itil",Ignore,False,Work from office
SAP AMS Support Consultant,Aadhya Nextgen It,"Raipur, India",naukri,https://www.naukri.com/job-listings-sap-ams-support-consultant-aadhya-nextgen-it-raipur-4-to-8-years-131225002492,,,6,Role appears support/production oriented,"linux, sftp, servicenow, itil",Ignore,False,Work from office
Sr. Application Support Engineer (Teamcenter),Yamaha Motor Solutions,"Faridabad, India",naukri,https://www.naukri.com/job-listings-sr-application-support-engineer-teamcenter-yamaha-motor-solutions-india-pvt-ltd-faridabad-4-to-8-years-211225003150,,,6,Role appears support/production oriented,"linux, sftp, servicenow, itil",Ignore,False,Work from office
"Sr. Lead, Infra EUC (Business Apps Support)",Northern Trust,"Hybrid - Pune(Kharadi), India",naukri,https://www.naukri.com/job-listings-sr-lead-infra-euc-business-apps-support-northern-trust-pune-11-to-17-years-191225030731,,,6,Role appears support/production oriented,"linux, sftp, servicenow, itil",Ignore,False,Hybrid
Servicenow Architect,Calsoft,"Hybrid - Pune, Bengaluru, India",naukri,https://www.naukri.com/job-listings-servicenow-architect-calsoft-pune-bengaluru-10-to-20-years-211125009163,,,6,Role appears support/production oriented,"linux, sftp, servicenow, itil",Ignore,False,Hybrid
Desktop Support Engineer,NAM INFO PRIVATE LIMITED,"Bengaluru, Hyderabad, India",naukri,https://www.naukri.com/job-listings-desktop-support-engineer-nam-info-private-limited-hyderabad-bengaluru-3-to-8-years-191225916419,,,6,Role appears support/production oriented,"linux, sftp, servicenow, itil",Ignore,False,Work from office
Product Support Representative II,FIS,"Pune, India",naukri,https://www.naukri.com/job-listings-product-support-representative-ii-fis-global-business-solutions-india-pvt-ltd-pune-5-to-7-years-191225914031,,,6,Role appears support/production oriented,"linux, sftp, servicenow, itil",Ignore,False,Work from office
Application Manager ServiceNow,Nouryon,"Mumbai, India",naukri,https://www.naukri.com/job-listings-application-manager-servicenow-nouryon-mumbai-5-to-10-years-191225504288,,,6,Role appears support/production oriented,"linux, sftp, servicenow, itil",Ignore,False,Work from office
Executive - Technical Support,Intech Group,"Gandhinagar, India",naukri,https://www.naukri.com/job-listings-executive-technical-support-intech-group-gandhinagar-2-to-5-years-191225502679,,,6,Role appears support/production oriented,"linux, sftp, servicenow, itil",Ignore,False,Work from office
Service Manager - ITSM & Support,Stack Digital,"Bengaluru, India",naukri,https://www.naukri.com/job-listings-service-manager-itsm-support-stack-digital-bengaluru-4-to-9-years-191225502180,,,6,Role appears support/production oriented,"linux, sftp, servicenow, itil",Ignore,False,Work from office
Service Recovery Engineer (IT Analyst Applications),Caterpillar Inc,"Bengaluru, India",naukri,https://www.naukri.com/job-listings-service-recovery-engineer-it-analyst-applications-caterpillar-brazil-bengaluru-7-to-12-years-191225500766,,,6,Role appears support/production oriented,"linux, sftp, servicenow, itil",Ignore,False,Work from office
IT Automation and Business Systems Analyst,Kushals.com,"Bengaluru, India",naukri,https://www.naukri.com/job-listings-it-automation-and-business-systems-analyst-kushals-com-bengaluru-3-to-8-years-201225016922,,,6,Role appears support/production oriented,"linux, sftp, servicenow, itil",Ignore,False,Work from office
UiPath RPA Support Developer,Tekskills,"Mumbai, Bengaluru, India",naukri,https://www.naukri.com/job-listings-uipath-rpa-support-developer-tekskills-kolkata-mumbai-bengaluru-8-to-10-years-201225005774,,,6,Role appears support/production oriented,"linux, sftp, servicenow, itil",Ignore,False,Work from office
Application Developer-ServiceNow,IBM,"Bengaluru, India",naukri,https://www.naukri.com/job-listings-application-developer-servicenow-ibm-india-pvt-limited-bengaluru-3-to-6-years-191225917896,,,6,Role appears support/production oriented,"linux, sftp, servicenow, itil",Ignore,False,Work from office
Lead French BA with Servicenow,Puresoft,"Bengaluru, Gurgaon, India",naukri,https://www.naukri.com/job-listings-lead-french-ba-with-servicenow-puresoft-gurugram-bengaluru-3-to-8-years-191225504570,,,6,Role appears support/production oriented,"linux, sftp, servicenow, itil",Ignore,False,Work from office
ServiceNow Automation Developer,HARMAN,"Bengaluru, India",naukri,https://www.naukri.com/job-listings-servicenow-automation-developer-harman-india-bengaluru-3-to-8-years-191225502420,,,6,Role appears support/production oriented,"linux, sftp, servicenow, itil",Ignore,False,Work from office
Automation Testing and Support Engineer,HARMAN,"Bengaluru, India",naukri,https://www.naukri.com/job-listings-automation-testing-and-support-engineer-harman-india-bengaluru-3-to-8-years-191225502415,,,6,Role appears support/production oriented,"linux, sftp, servicenow, itil",Ignore,False,Work from office
ServiceNow Automation Development Lead,HARMAN,"Bengaluru, India",naukri,https://www.naukri.com/job-listings-servicenow-automation-development-lead-harman-india-bengaluru-5-to-10-years-191225502414,,,6,Role appears support/production oriented,"linux, sftp, servicenow, itil",Ignore,False,Work from office
Associate Director - Product Management - Outsourced Applications,GSK India,"Bengaluru, India",naukri,https://www.naukri.com/job-listings-associate-director-product-management-outsourced-applications-glaxosmithkline-pharmaceuticals-limited-bengaluru-6-to-12-years-191225502409,,,6,Role appears support/production oriented,"linux, sftp, servicenow, itil",Ignore,False,Work from office
Automation Support Engineer - RPA Specialty,Eli Lilly And Company,"Hyderabad, India",naukri,https://www.naukri.com/job-listings-automation-support-engineer-rpa-specialty-eli-lilly-and-company-hyderabad-5-to-12-years-191225502390,,,6,Role appears support/production oriented,"linux, sftp, servicenow, itil",Ignore,False,Work from office
ServiceNow Architect,Praval Infotech,"Hyderabad, India",naukri,https://www.naukri.com/job-listings-servicenow-architect-praval-infotech-hyderabad-4-to-5-years-191225502115,,,6,Role appears support/production oriented,"linux, sftp, servicenow, itil",Ignore,False,Work from office
Expert ServiceNow Developer,Sita Information Networking Computing India,"Gurgaon, India",naukri,https://www.naukri.com/job-listings-expert-servicenow-developer-sita-information-networking-computing-india-gurugram-5-to-10-years-191225018276,,,6,Role appears support/production oriented,"linux, sftp, servicenow, itil",Ignore,False,Work from office
Servicenow Developer,Tata Consultancy Services,"Pune, India",naukri,https://www.naukri.com/job-listings-servicenow-developer-tata-consultancy-services-pune-7-to-12-years-191225013732,,,6,Role appears support/production oriented,"linux, sftp, servicenow, itil",Ignore,False,Work from office
ServiceNow Integration Lead,Calsoft,"Pune, Bengaluru, India",naukri,https://www.naukri.com/job-listings-servicenow-integration-lead-calsoft-pune-bengaluru-10-to-18-years-181225019778,,,6,Role appears support/production oriented,"linux, sftp, servicenow, itil",Ignore,False,Work from office
Application Support Engineer,Gentoro People Consulting,"Kolkata, India",naukri,https://www.naukri.com/job-listings-application-support-engineer-gentoro-people-consulting-kolkata-1-to-6-years-201225013868,,,6,Role appears support/production oriented,"linux, sftp, servicenow, itil",Ignore,False,Work from office
IT Support,BandhanKonnagar,"Jhargram, India",naukri,https://www.naukri.com/job-listings-it-support-bandhankonnagar-jhargram-1-to-5-years-201225012847,,,6,Role appears support/production oriented,"linux, sftp, servicenow, itil",Ignore,False,Work from office
Java Application Support,Synstack Technologies And Services,"Hybrid - Hyderabad, India",naukri,https://www.naukri.com/job-listings-java-application-support-synstack-technologies-and-services-hyderabad-6-to-9-years-201225012155,,,6,Role appears support/production oriented,"linux, sftp, servicenow, itil",Ignore,False,Hybrid
Application Support Engineer,Accenture,"Bengaluru, India",naukri,https://www.naukri.com/job-listings-application-support-engineer-accenture-solutions-pvt-ltd-bengaluru-1-to-4-years-191225922621,,,6,Role appears support/production oriented,"linux, sftp, servicenow, itil",Ignore,False,Work from office
Application Support Engineer,Accenture,"Bengaluru, India",naukri,https://www.naukri.com/job-listings-application-support-engineer-accenture-solutions-pvt-ltd-bengaluru-3-to-8-years-191225922572,,,6,Role appears support/production oriented,"linux, sftp, servicenow, itil",Ignore,False,Work from office
Application Tech Support Practitioner,Accenture,"Bengaluru, India",naukri,https://www.naukri.com/job-listings-application-tech-support-practitioner-accenture-solutions-pvt-ltd-bengaluru-2-to-7-years-191225922529,,,6,Role appears support/production oriented,"linux, sftp, servicenow, itil",Ignore,False,Work from office
ServiceNow Senior Integration developer / Architect / Lead Developer,Contactx Resource Management Pvt. Ltd.,"Bangalore Rural, India",naukri,https://www.naukri.com/job-listings-servicenow-senior-integration-developer-architect-lead-developer-contactx-resource-management-pvt-ltd-bangalore-rural-6-to-11-years-191225921940,,,6,Role appears support/production oriented,"linux, sftp, servicenow, itil",Ignore,False,Work from office
ServiceNow Senior Integration developer / Architect / Lead Developer,Contactx Resource Management Pvt. Ltd.,"Bengaluru, India",naukri,https://www.naukri.com/job-listings-servicenow-senior-integration-developer-architect-lead-developer-contactx-resource-management-pvt-ltd-bengaluru-6-to-11-years-191225921522,,,6,Role appears support/production oriented,"linux, sftp, servicenow, itil",Ignore,False,Work from office
Application Developer-Contact Center,IBM,"Bengaluru, India",naukri,https://www.naukri.com/job-listings-application-developer-contact-center-ibm-india-pvt-limited-bengaluru-1-to-4-years-191225917901,,,6,Role appears support/production oriented,"linux, sftp, servicenow, itil",Ignore,False,Work from office
Application Support Engineer,Accenture,"Gurgaon, India",naukri,https://www.naukri.com/job-listings-application-support-engineer-accenture-solutions-pvt-ltd-gurugram-3-to-8-years-191225916859,,,6,Role appears support/production oriented,"linux, sftp, servicenow, itil",Ignore,False,Work from office
Application Support Engineer,Accenture,"Hyderabad, India",naukri,https://www.naukri.com/job-listings-application-support-engineer-accenture-solutions-pvt-ltd-hyderabad-1-to-4-years-191225916181,,,6,Role appears support/production oriented,"linux, sftp, servicenow, itil",Ignore,False,Work from office
Application Support Engineer,Accenture,"Hyderabad, India",naukri,https://www.naukri.com/job-listings-application-support-engineer-accenture-solutions-pvt-ltd-hyderabad-1-to-4-years-191225915995,,,6,Role appears support/production oriented,"linux, sftp, servicenow, itil",Ignore,False,Work from office
Application Support Engineer,Accenture,"Bengaluru, India",naukri,https://www.naukri.com/job-listings-application-support-engineer-accenture-solutions-pvt-ltd-bengaluru-3-to-8-years-191225915672,,,6,Role appears support/production oriented,"linux, sftp, servicenow, itil",Ignore,False,Work from office
Application Support Engineer,Accenture,"Bengaluru, India",naukri,https://www.naukri.com/job-listings-application-support-engineer-accenture-solutions-pvt-ltd-bengaluru-3-to-8-years-191225915634,,,6,Role appears support/production oriented,"linux, sftp, servicenow, itil",Ignore,False,Work from office
Application Support Engineer,Accenture,"Bengaluru, India",naukri,https://www.naukri.com/job-listings-application-support-engineer-accenture-solutions-pvt-ltd-bengaluru-1-to-4-years-191225914891,,,6,Role appears support/production oriented,"linux, sftp, servicenow, itil",Ignore,False,Work from office
Application Support Engineer,Accenture,"Bengaluru, India",naukri,https://www.naukri.com/job-listings-application-support-engineer-accenture-solutions-pvt-ltd-bengaluru-3-to-8-years-191225914844,,,6,Role appears support/production oriented,"linux, sftp, servicenow, itil",Ignore,False,Work from office
Application Support Engineer,Accenture,"Bengaluru, India",naukri,https://www.naukri.com/job-listings-application-support-engineer-accenture-solutions-pvt-ltd-bengaluru-1-to-4-years-191225914791,,,6,Role appears support/production oriented,"linux, sftp, servicenow, itil",Ignore,False,Work from office
Application Support Engineer,Accenture,"Bengaluru, India",naukri,https://www.naukri.com/job-listings-application-support-engineer-accenture-solutions-pvt-ltd-bengaluru-3-to-8-years-191225914396,,,6,Role appears support/production oriented,"linux, sftp, servicenow, itil",Ignore,False,Work from office
Project Manager- Application Security,TalaKunchi,"Kalyan/Dombivli, India",naukri,https://www.naukri.com/job-listings-project-manager-application-security-talakunchi-networks-private-limited-dombivli-5-to-10-years-191225501912,,,0,,"linux, sftp, servicenow, itil",Ignore,False,Work from office
ServiceNow Admin,Han Digital Solution,"Hyderabad, India",naukri,https://www.naukri.com/job-listings-servicenow-admin-han-digital-solution-p-hyderabad-4-to-8-years-191225501729,,,6,Role appears support/production oriented,"linux, sftp, servicenow, itil",Ignore,False,Work from office
Team Lead - Onsite IT Support Engineer,Hemmersbach,"Noida, India",naukri,https://www.naukri.com/job-listings-team-lead-onsite-it-support-engineer-hemmersbach-gmbh-co-kg-noida-1-to-2-years-191225501703,,,6,Role appears support/production oriented,"linux, sftp, servicenow, itil",Ignore,False,Work from office
Senior ServiceNow Integration Developer,Cargill,"Hybrid - Bengaluru, India",naukri,https://www.naukri.com/job-listings-senior-servicenow-integration-developer-cargill-bengaluru-5-to-8-years-191225025900,,,6,Role appears support/production oriented,"linux, sftp, servicenow, itil",Ignore,False,Hybrid
Application Support Engineer,Ltimindtree,"Hybrid - Bengaluru, India",naukri,https://www.naukri.com/job-listings-application-support-engineer-ltimindtree-bengaluru-3-to-5-years-191225014145,,,6,Role appears support/production oriented,"linux, sftp, servicenow, itil",Ignore,False,Hybrid
IT Support Specialist,Eurofins,"Hybrid - Bengaluru, India",naukri,https://www.naukri.com/job-listings-it-support-specialist-eurofins-bengaluru-2-to-7-years-191225013840,,,6,Role appears support/production oriented,"linux, sftp, servicenow, itil",Ignore,False,Hybrid
ServiceNow develope & Vulnerability (SecOps)longterm contact pan india,Cloudxtreme,"Delhi NCR, Bengaluru, India",naukri,https://www.naukri.com/job-listings-servicenow-develope-vulnerability-secops-longterm-contact-pan-india-cloudxtreme-kolkata-bengaluru-delhi-ncr-3-to-8-years-171225015416,,,6,Role appears support/production oriented,"linux, sftp, servicenow, itil",Ignore,False,Work from office
Walk-in on 22nd December - Technology Support Engineer (Citrix),Real Time Data Services,"Gurgaon, India",naukri,https://www.naukri.com/job-listings-walk-in-on-22nd-december-technology-support-engineer-citrix-real-time-data-services-gurugram-3-to-8-years-201225012143,,,6,Role appears support/production oriented,"linux, sftp, servicenow, itil",Ignore,False,Work from office
Desktop Support Engineer - L2,Sm2 Infotech,"Gulabpura, Rajsamand, India",naukri,https://www.naukri.com/job-listings-desktop-support-engineer-l2-sm2-infotech-gulabpura-rajsamand-bhilwara-2-to-5-years-201225010306,,,6,Role appears support/production oriented,"linux, sftp, servicenow, itil",Ignore,False,Work from office
Application Support Engineer,Accenture,"Coimbatore, India",naukri,https://www.naukri.com/job-listings-application-support-engineer-accenture-solutions-pvt-ltd-coimbatore-2-to-7-years-191225922656,,,6,Role appears support/production oriented,"linux, sftp, servicenow, itil",Ignore,False,Work from office
Application Tech Support Practitioner,Accenture,"Bengaluru, India",naukri,https://www.naukri.com/job-listings-application-tech-support-practitioner-accenture-solutions-pvt-ltd-bengaluru-3-to-5-years-191225922630,,,6,Role appears support/production oriented,"linux, sftp, servicenow, itil",Ignore,False,Work from office
Application Tech Support Practitioner,Accenture,"Bengaluru, India",naukri,https://www.naukri.com/job-listings-application-tech-support-practitioner-accenture-solutions-pvt-ltd-bengaluru-3-to-5-years-191225922629,,,6,Role appears support/production oriented,"linux, sftp, servicenow, itil",Ignore,False,Work from office
Application Tech Support Practitioner,Accenture,"Bengaluru, India",naukri,https://www.naukri.com/job-listings-application-tech-support-practitioner-accenture-solutions-pvt-ltd-bengaluru-3-to-5-years-191225922627,,,6,Role appears support/production oriented,"linux, sftp, servicenow, itil",Ignore,False,Work from office
Application Support Engineer,Accenture,"Bengaluru, India",naukri,https://www.naukri.com/job-listings-application-support-engineer-accenture-solutions-pvt-ltd-bengaluru-1-to-4-years-191225922620,,,6,Role appears support/production oriented,"linux, sftp, servicenow, itil",Ignore,False,Work from office
Application Support Engineer,Accenture,"Hyderabad, India",naukri,https://www.naukri.com/job-listings-application-support-engineer-accenture-solutions-pvt-ltd-hyderabad-1-to-4-years-191225922575,,,6,Role appears support/production oriented,"linux, sftp, servicenow, itil",Ignore,False,Work from office
Application Support Engineer,Accenture,"Hyderabad, India",naukri,https://www.naukri.com/job-listings-application-support-engineer-accenture-solutions-pvt-ltd-hyderabad-3-to-8-years-191225916846,,,6,Role appears support/production oriented,"linux, sftp, servicenow, itil",Ignore,False,Work from office
Application Support Engineer,Accenture,"Pune, India",naukri,https://www.naukri.com/job-listings-application-support-engineer-accenture-solutions-pvt-ltd-pune-1-to-4-years-191225916839,,,6,Role appears support/production oriented,"linux, sftp, servicenow, itil",Ignore,False,Work from office
Application Support Engineer,Accenture,"Pune, India",naukri,https://www.naukri.com/job-listings-application-support-engineer-accenture-solutions-pvt-ltd-pune-3-to-8-years-191225916681,,,6,Role appears support/production oriented,"linux, sftp, servicenow, itil",Ignore,False,Work from office
Application Support Engineer,Accenture,"Pune, India",naukri,https://www.naukri.com/job-listings-application-support-engineer-accenture-solutions-pvt-ltd-pune-3-to-8-years-191225916648,,,6,Role appears support/production oriented,"linux, sftp, servicenow, itil",Ignore,False,Work from office
Application Support Engineer,Accenture,"Navi Mumbai, India",naukri,https://www.naukri.com/job-listings-application-support-engineer-accenture-solutions-pvt-ltd-navi-mumbai-3-to-8-years-191225916621,,,6,Role appears support/production oriented,"linux, sftp, servicenow, itil",Ignore,False,Work from office
Application Support Engineer,Accenture,"Pune, India",naukri,https://www.naukri.com/job-listings-application-support-engineer-accenture-solutions-pvt-ltd-pune-1-to-4-years-191225916609,,,6,Role appears support/production oriented,"linux, sftp, servicenow, itil",Ignore,False,Work from office
Application Support Engineer,Accenture,"Hyderabad, India",naukri,https://www.naukri.com/job-listings-application-support-engineer-accenture-solutions-pvt-ltd-hyderabad-3-to-8-years-191225916575,,,6,Role appears support/production oriented,"linux, sftp, servicenow, itil",Ignore,False,Work from office
Application Support Engineer,Accenture,"Pune, India",naukri,https://www.naukri.com/job-listings-application-support-engineer-accenture-solutions-pvt-ltd-pune-3-to-8-years-191225916538,,,6,Role appears support/production oriented,"linux, sftp, servicenow, itil",Ignore,False,Work from office
Application Support Engineer,Accenture,"Pune, India",naukri,https://www.naukri.com/job-listings-application-support-engineer-accenture-solutions-pvt-ltd-pune-1-to-4-years-191225916517,,,6,Role appears support/production oriented,"linux, sftp, servicenow, itil",Ignore,False,Work from office
Application Support Engineer,Accenture,"Pune, India",naukri,https://www.naukri.com/job-listings-application-support-engineer-accenture-solutions-pvt-ltd-pune-3-to-8-years-191225916438,,,6,Role appears support/production oriented,"linux, sftp, servicenow, itil",Ignore,False,Work from office
Application Support Engineer,Accenture,"Hyderabad, India",naukri,https://www.naukri.com/job-listings-application-support-engineer-accenture-solutions-pvt-ltd-hyderabad-1-to-4-years-191225916259,,,6,Role appears support/production oriented,"linux, sftp, servicenow, itil",Ignore,False,Work from office
Application Support Engineer,Accenture,"Hyderabad, India",naukri,https://www.naukri.com/job-listings-application-support-engineer-accenture-solutions-pvt-ltd-hyderabad-3-to-8-years-191225916253,,,6,Role appears support/production oriented,"linux, sftp, servicenow, itil",Ignore,False,Work from office
Application Support Engineer,Accenture,"Mumbai, India",naukri,https://www.naukri.com/job-listings-application-support-engineer-accenture-solutions-pvt-ltd-mumbai-1-to-4-years-191225916213,,,6,Role appears support/production oriented,"linux, sftp, servicenow, itil",Ignore,False,Work from office
Application Support Engineer,Accenture,"Pune, India",naukri,https://www.naukri.com/job-listings-application-support-engineer-accenture-solutions-pvt-ltd-pune-3-to-8-years-191225916202,,,6,Role appears support/production oriented,"linux, sftp, servicenow, itil",Ignore,False,Work from office
Application Support Engineer,Accenture,"Mumbai, India",naukri,https://www.naukri.com/job-listings-application-support-engineer-accenture-solutions-pvt-ltd-mumbai-3-to-8-years-191225916188,,,6,Role appears support/production oriented,"linux, sftp, servicenow, itil",Ignore,False,Work from office
Application Support Engineer,Accenture,"Hyderabad, India",naukri,https://www.naukri.com/job-listings-application-support-engineer-accenture-solutions-pvt-ltd-hyderabad-1-to-4-years-191225916166,,,6,Role appears support/production oriented,"linux, sftp, servicenow, itil",Ignore,False,Work from office
Application Support Engineer,Accenture,"Navi Mumbai, India",naukri,https://www.naukri.com/job-listings-application-support-engineer-accenture-solutions-pvt-ltd-navi-mumbai-1-to-4-years-191225916126,,,6,Role appears support/production oriented,"linux, sftp, servicenow, itil",Ignore,False,Work from office
Application Support Engineer,Accenture,"Pune, India",naukri,https://www.naukri.com/job-listings-application-support-engineer-accenture-solutions-pvt-ltd-pune-3-to-8-years-191225916074,,,6,Role appears support/production oriented,"linux, sftp, servicenow, itil",Ignore,False,Work from office
Application Support Engineer,Accenture,"Kolkata, India",naukri,https://www.naukri.com/job-listings-application-support-engineer-accenture-solutions-pvt-ltd-kolkata-1-to-4-years-191225916032,,,6,Role appears support/production oriented,"linux, sftp, servicenow, itil",Ignore,False,Work from office
Application Support Engineer,Accenture,"Pune, India",naukri,https://www.naukri.com/job-listings-application-support-engineer-accenture-solutions-pvt-ltd-pune-3-to-8-years-191225915981,,,6,Role appears support/production oriented,"linux, sftp, servicenow, itil",Ignore,False,Work from office
Application Support Engineer,Accenture,"Hyderabad, India",naukri,https://www.naukri.com/job-listings-application-support-engineer-accenture-solutions-pvt-ltd-hyderabad-1-to-4-years-191225915941,,,6,Role appears support/production oriented,"linux, sftp, servicenow, itil",Ignore,False,Work from office
Application Support Engineer,Accenture,"Pune, India",naukri,https://www.naukri.com/job-listings-application-support-engineer-accenture-solutions-pvt-ltd-pune-1-to-4-years-191225915915,,,6,Role appears support/production oriented,"linux, sftp, servicenow, itil",Ignore,False,Work from office
Application Support Engineer,Accenture,"Bengaluru, India",naukri,https://www.naukri.com/job-listings-application-support-engineer-accenture-solutions-pvt-ltd-bengaluru-1-to-4-years-191225915669,,,6,Role appears support/production oriented,"linux, sftp, servicenow, itil",Ignore,False,Work from office
Application Tech Support Practitioner,Accenture,"Bengaluru, India",naukri,https://www.naukri.com/job-listings-application-tech-support-practitioner-accenture-solutions-pvt-ltd-bengaluru-3-to-8-years-191225915529,,,6,Role appears support/production oriented,"linux, sftp, servicenow, itil",Ignore,False,Work from office
Application Support Engineer,Accenture,"Chennai, India",naukri,https://www.naukri.com/job-listings-application-support-engineer-accenture-solutions-pvt-ltd-chennai-3-to-8-years-191225915527,,,6,Role appears support/production oriented,"linux, sftp, servicenow, itil",Ignore,False,Work from office
Application Support Engineer,Accenture,"Bengaluru, India",naukri,https://www.naukri.com/job-listings-application-support-engineer-accenture-solutions-pvt-ltd-bengaluru-3-to-8-years-191225915487,,,6,Role appears support/production oriented,"linux, sftp, servicenow, itil",Ignore,False,Work from office
Application Support Engineer,Accenture,"Bengaluru, India",naukri,https://www.naukri.com/job-listings-application-support-engineer-accenture-solutions-pvt-ltd-bengaluru-3-to-8-years-191225915354,,,6,Role appears support/production oriented,"linux, sftp, servicenow, itil",Ignore,False,Work from office
Application Support Engineer,Accenture,"Chennai, India",naukri,https://www.naukri.com/job-listings-application-support-engineer-accenture-solutions-pvt-ltd-chennai-3-to-8-years-191225915325,,,6,Role appears support/production oriented,"linux, sftp, servicenow, itil",Ignore,False,Work from office
Application Support Engineer,Accenture,"Bengaluru, India",naukri,https://www.naukri.com/job-listings-application-support-engineer-accenture-solutions-pvt-ltd-bengaluru-3-to-8-years-191225915231,,,6,Role appears support/production oriented,"linux, sftp, servicenow, itil",Ignore,False,Work from office
Application Support Engineer,Accenture,"Bengaluru, India",naukri,https://www.naukri.com/job-listings-application-support-engineer-accenture-solutions-pvt-ltd-bengaluru-3-to-8-years-191225915100,,,6,Role appears support/production oriented,"linux, sftp, servicenow, itil",Ignore,False,Work from office
Application Support Engineer,Accenture,"Bengaluru, India",naukri,https://www.naukri.com/job-listings-application-support-engineer-accenture-solutions-pvt-ltd-bengaluru-1-to-4-years-191225915061,,,6,Role appears support/production oriented,"linux, sftp, servicenow, itil",Ignore,False,Work from office
Application Support Engineer,Accenture,"Bengaluru, India",naukri,https://www.naukri.com/job-listings-application-support-engineer-accenture-solutions-pvt-ltd-bengaluru-3-to-8-years-191225915060,,,6,Role appears support/production oriented,"linux, sftp, servicenow, itil",Ignore,False,Work from office
Application Support Engineer,Accenture,"Chennai, India",naukri,https://www.naukri.com/job-listings-application-support-engineer-accenture-solutions-pvt-ltd-chennai-3-to-8-years-191225915051,,,6,Role appears support/production oriented,"linux, sftp, servicenow, itil",Ignore,False,Work from office
Application Support Engineer,Accenture,"Bengaluru, India",naukri,https://www.naukri.com/job-listings-application-support-engineer-accenture-solutions-pvt-ltd-bengaluru-3-to-8-years-191225914941,,,6,Role appears support/production oriented,"linux, sftp, servicenow, itil",Ignore,False,Work from office
"Senior Platform Engineer, ServiceNow",Cargill,"Bengaluru, India",naukri,https://www.naukri.com/job-listings-senior-platform-engineer-servicenow-cargill-business-services-india-private-limited-bengaluru-4-to-9-years-191225901708,,,6,Role appears support/production oriented,"linux, sftp, servicenow, itil",Ignore,False,Work from office
ServiceNow Developer (Lead) For Kolkata,Arminus Software,"Kolkata, India",naukri,https://www.naukri.com/job-listings-servicenow-developer-lead-for-kolkata-arminus-software-kolkata-10-to-15-years-191225000955,,,6,Role appears support/production oriented,"linux, sftp, servicenow, itil",Ignore,False,Work from office
Production Support / Application Support,Cloudxtreme,"Bengaluru, Hyderabad, India",naukri,https://www.naukri.com/job-listings-production-support-application-support-cloudxtreme-hyderabad-bengaluru-4-to-8-years-291025033817,,,6,Role appears support/production oriented,"linux, sftp, servicenow, itil",Ignore,False,Work from office
Principal Engineer - Application Security,Wells Fargo,"Hyderabad, India",naukri,https://www.naukri.com/job-listings-principal-engineer-application-security-wells-fargo-international-solutions-private-ltd-hyderabad-7-to-12-years-191225909560,,,6,Role appears support/production oriented,"linux, sftp, servicenow, itil",Ignore,False,Work from office
It Support Engineer,OYO,"Gurgaon, India",naukri,https://www.naukri.com/job-listings-it-support-engineer-oyo-gurugram-2-to-4-years-191225005529,,,6,Role appears support/production oriented,"linux, sftp, servicenow, itil",Ignore,False,Work from office
ServiceNow Technical SME,Info Way Solutions,"Chennai, India",naukri,https://www.naukri.com/job-listings-servicenow-technical-sme-info-way-solutions-chennai-5-to-10-years-191225002162,,,6,Role appears support/production oriented,"linux, sftp, servicenow, itil",Ignore,False,Work from office
Production Support / Application Support,Cloudxtreme,"Bengaluru, Hyderabad, India",naukri,https://www.naukri.com/job-listings-production-support-application-support-cloudxtreme-hyderabad-bengaluru-5-to-10-years-171225031676,,,6,Role appears support/production oriented,"linux, sftp, servicenow, itil",Ignore,False,Work from office
Production Support / Application Support,Cloudxtreme,"Bengaluru, Hyderabad, India",naukri,https://www.naukri.com/job-listings-production-support-application-support-cloudxtreme-hyderabad-bengaluru-6-to-10-years-201125007570,,,6,Role appears support/production oriented,"linux, sftp, servicenow, itil",Ignore,False,Work from office
